{
  "normal_scenario_1.1_0.4": {
    "kube-schedule": 0.7806329665771398,
    "ecmus-qos-aware": 0.7238567064199417,
    "smallest-edge-first-scheduler": 0.8281678043051636,
    "biggest-edge-first-scheduler": 0.8398733508442661,
    "cloud-first-scheduler": 0.9169936491263172
  },
  "normal_scenario_1.2_0.4": {
    "kube-schedule": 0.771659140647601,
    "ecmus-qos-aware": 0.7458836709683874,
    "smallest-edge-first-scheduler": 0.8087099486805368,
    "biggest-edge-first-scheduler": 0.822065730610426,
    "cloud-first-scheduler": 0.8933459437933783
  },
  "normal_scenario_1.3_0.4": {
    "kube-schedule": 0.7729786445544127,
    "ecmus-qos-aware": 0.7445889095510613,
    "smallest-edge-first-scheduler": 0.7977841022138883,
    "biggest-edge-first-scheduler": 0.8002644145505093,
    "cloud-first-scheduler": 0.8892061136190015
  },
  "normal_scenario_1.4_0.4": {
    "kube-schedule": 0.7738359789330052,
    "ecmus-qos-aware": 0.7313697554124029,
    "smallest-edge-first-scheduler": 0.7980838733280923,
    "biggest-edge-first-scheduler": 0.8115737463546024,
    "cloud-first-scheduler": 0.8856952588611201
  },
  "normal_scenario_1.5_0.1": {
    "kube-schedule": 0.7807197309441342,
    "ecmus-qos-aware": 0.7340832323459688,
    "smallest-edge-first-scheduler": 0.8173493328391964,
    "biggest-edge-first-scheduler": 0.8189755798860173,
    "cloud-first-scheduler": 0.8924353606758016
  },
  "normal_scenario_1.5_0.2": {
    "kube-schedule": 0.7618297813413378,
    "ecmus-qos-aware": 0.7350913525189693,
    "smallest-edge-first-scheduler": 0.806981730587858,
    "biggest-edge-first-scheduler": 0.8093843632784812,
    "cloud-first-scheduler": 0.8687276290819358
  },
  "normal_scenario_1.5_0.3": {
    "kube-schedule": 0.7631269749049439,
    "ecmus-qos-aware": 0.7271642058365553,
    "smallest-edge-first-scheduler": 0.8083166929201286,
    "biggest-edge-first-scheduler": 0.8072739822987388,
    "cloud-first-scheduler": 0.8691797259465367
  },
  "normal_scenario_1.5_0.4": {
    "kube-schedule": 0.7599175570062737,
    "ecmus-qos-aware": 0.723691697388756,
    "smallest-edge-first-scheduler": 0.7890060385366267,
    "biggest-edge-first-scheduler": 0.805631232569468,
    "cloud-first-scheduler": 0.8654737670989772
  },
  "normal_scenario_1.5_0.5": {
    "kube-schedule": 0.7564363902460334,
    "ecmus-qos-aware": 0.7216372104009353,
    "smallest-edge-first-scheduler": 0.7968761110038423,
    "biggest-edge-first-scheduler": 0.8024813494716069,
    "cloud-first-scheduler": 0.8445762350662189
  },
  "normal_scenario_1.6_0.4": {
    "kube-schedule": 0.7640861806375443,
    "ecmus-qos-aware": 0.733596368566366,
    "smallest-edge-first-scheduler": 0.8013848110835244,
    "biggest-edge-first-scheduler": 0.8125104011141937,
    "cloud-first-scheduler": 0.8465254112687938
  }
}