{
  "normal_scenario_1.1_0.4": {
    "kube-schedule": 22.981734800838574,
    "ecmus-qos-aware": 14.377864583333334,
    "smallest-edge-first-scheduler": 27.82570684523809,
    "biggest-edge-first-scheduler": 30.13829732510288,
    "cloud-first-scheduler": 68.09273313492064
  },
  "normal_scenario_1.2_0.4": {
    "kube-schedule": 20.257738095238096,
    "ecmus-qos-aware": 16.49169146825397,
    "smallest-edge-first-scheduler": 26.819744744744746,
    "biggest-edge-first-scheduler": 25.444088955026455,
    "cloud-first-scheduler": 67.37437943262411
  },
  "normal_scenario_1.3_0.4": {
    "kube-schedule": 23.81614583333333,
    "ecmus-qos-aware": 16.439839181286548,
    "smallest-edge-first-scheduler": 27.598771043771045,
    "biggest-edge-first-scheduler": 31.740263157894734,
    "cloud-first-scheduler": 62.13738636363637
  },
  "normal_scenario_1.4_0.4": {
    "kube-schedule": 27.315431415929197,
    "ecmus-qos-aware": 20.625,
    "smallest-edge-first-scheduler": 28.47345132743363,
    "biggest-edge-first-scheduler": 30.14927248677248,
    "cloud-first-scheduler": 59.011879960317465
  },
  "normal_scenario_1.5_0.1": {
    "kube-schedule": 29.348783185840706,
    "ecmus-qos-aware": 19.60324074074074,
    "smallest-edge-first-scheduler": 35.23364197530864,
    "biggest-edge-first-scheduler": 30.494419862340216,
    "cloud-first-scheduler": 66.49108483483482
  },
  "normal_scenario_1.5_0.2": {
    "kube-schedule": 27.36541297935103,
    "ecmus-qos-aware": 21.52426767676768,
    "smallest-edge-first-scheduler": 33.35756172839506,
    "biggest-edge-first-scheduler": 28.818506006006007,
    "cloud-first-scheduler": 59.29305555555556
  },
  "normal_scenario_1.5_0.3": {
    "kube-schedule": 25.62907580477674,
    "ecmus-qos-aware": 20.772693452380953,
    "smallest-edge-first-scheduler": 29.597566371681417,
    "biggest-edge-first-scheduler": 30.067305801376595,
    "cloud-first-scheduler": 59.41034658511723
  },
  "normal_scenario_1.5_0.4": {
    "kube-schedule": 26.429595959595957,
    "ecmus-qos-aware": 20.28851351351351,
    "smallest-edge-first-scheduler": 29.15930976430976,
    "biggest-edge-first-scheduler": 31.683337504170836,
    "cloud-first-scheduler": 54.47905405405405
  },
  "normal_scenario_1.5_0.5": {
    "kube-schedule": 27.04890873015873,
    "ecmus-qos-aware": 19.232031250000002,
    "smallest-edge-first-scheduler": 33.84483173076923,
    "biggest-edge-first-scheduler": 28.532924107142858,
    "cloud-first-scheduler": 52.32222222222222
  },
  "normal_scenario_1.6_0.4": {
    "kube-schedule": 30.225315656565655,
    "ecmus-qos-aware": 23.805431547619044,
    "smallest-edge-first-scheduler": 35.273586309523814,
    "biggest-edge-first-scheduler": 34.474943144899285,
    "cloud-first-scheduler": 53.19994994994994
  }
}
